{
    "yield_weights": {
        "soil_score": 0.17391914579251588,
        "slope_score": 0.03683171661038521,
        "rainfall_score": 0.3826764080670213,
        "lulc_score": 0.26492109632789335,
        "geology_score": 0.06641197250942747,
        "aquifer_score": 0.07523966069275677
    }
}